<!DOCTYPE mapper PUBLIC "-//mybatis.org//DTD Mapper 3.0//EN" "http://mybatis.org/dtd/mybatis-3-mapper.dtd">
<mapper namespace="com.igproject.icu.dao.ProfessorDAO">

	<resultMap id="proResult" type="IcuVO">
		<!-- 학생 -->
		<result property="std_id" column="std_id" />
		<result property="std_pwd" column="std_pwd" />
		<result property="std_name" column="std_name" />
		<result property="std_grade" column="std_grade" />
		<result property="std_status" column="std_status" />
		<result property="std_email" column="std_email" />
		<result property="std_phone" column="std_phone" />
		<result property="std_address" column="std_address" />

		<!-- 점수 -->
		<result property="score_id" column="score_id" />
		<result property="score_mid" column="score_mid" />
		<result property="score_fin" column="score_fin" />
		<result property="score_att" column="score_att" />
		<result property="score_grd" column="score_grd" />

		<!-- 출석 -->
		<result property="att_id" column="att_id" />
		<result property="att_date" column="att_date" />
		<result property="att_status" column="att_status" />

		<!-- 수강 -->
		<result property="lec_id" column="lec_id" />

		<!-- 학과 -->
		<result property="major_id" column="major_id" />
		<result property="major_name" column="major_name" />

		<!-- 교수 -->
		<result property="pro_id" column="pro_id" />
		<result property="pro_pwd" column="pro_pwd" />
		<result property="pro_name" column="pro_name" />

		<!-- 과목 -->
		<result property="sub_id" column="sub_id" />
		<result property="sub_name" column="sub_name" />
		<result property="sub_course" column="sub_course" />
		<result property="sub_semester" column="sub_semester" />
		<result property="sub_day" column="sub_day" />
		<result property="sub_start_time" column="sub_start_time" />
		<result property="sub_end_time" column="sub_end_time" />
		<result property="sub_credit" column="sub_credit" />

		<!-- 공지사항 -->
		<result property="notice_id" column="notice_id" />
		<result property="notice_name" column="notice_name" />
		<result property="notice_content" column="notice_content" />
		<result property="notice_date" column="notice_date" />
		
		<!-- 학생 커뮤니티 -->
		<result property="community_id" column="community_id" />
		<result property="community_name" column="community_name" />
		<result property="community_content" column="community_content" />
		<result property="community_date" column="community_date" />
		<result property="community_writer" column="community_writer" />

	</resultMap>

	<!-- 관리자 로그인 -->
	<select id="proLogin" parameterType="IcuVO" resultType="IcuVO">
		SELECT *
		FROM professor
		WHERE pro_id=#{pro_id} AND pro_pwd=#{pro_pwd}
	</select>

	<!-- 학생 정보 전체 출력-->
	<select id="studentInfoAll" parameterType="String" resultMap="proResult">
		select * from student
		inner JOIN major
		ON student.major_id = major.major_id
		inner JOIN professor
		ON professor.major_id = major.major_id
		where student.std_id = #{std_id};
	</select>

	<!-- 학생 정보 확인 -->
	<select id="studentInfo" parameterType="String" resultMap="proResult">
		select std_name, std_id, pro_name, major_name from student
		inner JOIN major
		ON student.major_id = major.major_id
		inner JOIN professor
		ON professor.major_id = major.major_id
		where professor.pro_id = #{pro_id};
	</select>

	<!-- 본인 과목 수강하는 학생 정보-->
	<select id="proStdInfo" parameterType="String" resultMap="proResult">
		select * from student
		inner JOIN major
		ON student.major_id = major.major_id
		inner JOIN professor
		ON professor.major_id = major.major_id
		inner join subject
		on professor.pro_id = subject.pro_id
		where professor.pro_id =#{pro_id};
	</select>
	<!-- 학생 정보 수정(관리자용) -->
	<update id="proStudentMod" parameterType="IcuVO">
		UPDATE student
		SET std_grade=#{std_grade},
		std_status=#{std_status}, std_name=#{std_name},
		std_email=#{std_email}, std_phone=#{std_phone},
		std_address=#{std_address} ,major_id=#{major_id}
		WHERE std_id=#{std_id}
	</update>

	<!-- 학생 정보 삭제 -->
	<delete id="proStudentDel" parameterType="String">
		DELETE FROM student
		WHERE std_id=#{std_id}
	</delete>

	<!-- 과목별 학생 목록 출력 -->
	<select id="proSubStd" parameterType="String" resultMap="proResult">
		SELECT sub_name, lecture.std_id, std_name, major_name
		FROM lecture
		LEFT JOIN subject
		ON subject.sub_id = lecture.sub_id
		LEFT JOIN student
		ON student.std_id = lecture.std_id
		LEFT JOIN major
		ON student.major_id = major.major_id
		WHERE subject.sub_id = #{sub_id}
	</select>

	<!-- 교수별 담당 과목 출력 -->
	<select id="proSubject" parameterType="String" resultMap="proResult">
		SELECT sub_id, sub_name, professor.pro_id FROM professor
		LEFT JOIN subject
		ON professor.pro_id = subject.pro_id
		WHERE professor.pro_id = #{pro_id}
	</select>

	<!-- 과목별 수강 학생 -->
	<!--	<select id="proSubStd2" parameterType="String"
	resultMap="proResult">-->
	<!--		select lecture.std_id, std_name from lecture-->
	<!--   		left join student-->
	<!--		on student.std_id = lecture.std_id-->
	<!--   		where sub_id=#{sub_id}-->
	<!--   	</select>-->

	<!-- 출결 등록 -->
	<insert id="proInsertAttd" parameterType="IcuVO">
		INSERT INTO attendance(att_date, att_status, std_id, sub_id)
		VALUES(current_timestamp, #{att_status}, #{std_id}, #{sub_id})
	</insert>

	<!-- 출결 수정 -->
	<update id="proModAttd" parameterType="IcuVO">
		UPDATE attendance
		SET att_status = #{att_status}
		WHERE std_id=#{std_id} and Date(att_date)=#{att_date}
	</update>

	<!-- 출결 조회 -->
	<select id="proAttdInfo" parameterType="String" resultMap="proResult">
		select * from attendance
		left join student
		on attendance.std_id = student.std_id
		left join major
		on student.major_id = major.major_id
        left join subject
        on attendance.sub_id = subject.sub_id
		where subject.sub_id=#{sub_id}
	</select>
	
	<!-- 점수 조회 -->
	<select id="proScoreByStudent" parameterType="IcuVO" resultType="IcuVO">
		SELECT sub_name, score.std_id, std_name, score_mid, score_fin, score_att, score_grd
		FROM score
		LEFT JOIN student
        ON score.std_id = student.std_id
		LEFT JOIN subject
        ON score.sub_id = subject.sub_id
		WHERE score.sub_id=#{sub_id}
	</select>
	
	<!-- 점수 업데이트 -->
	<update id="proScoreInsert" parameterType="IcuVO">
		UPDATE score 
		SET score_mid=#{score_mid}, score_fin=#{score_fin}, score_att=#{score_att}, score_grd=#{score_grd}
		WHERE std_id=#{std_id} AND sub_id=#{sub_id}
	</update>

	<!-- 교수쪽 공지사항 목록 -->
	<select id="noticeAll_Pro" resultMap="proResult">
		select * from notice order by notice_date DESC;
	</select>

	<!-- 공지사항 세부 출력 -->
	<select id="noticeView_Pro" parameterType="String" resultMap="proResult">
		SELECT * FROM notice
		WHERE notice_id = #{notice_id};
	</select>

	<!-- 공지사항 등록 -->
	<insert id="noticeInsert" parameterType="IcuVO">
		INSERT INTO notice(notice_name, notice_content, notice_date)
		VALUES(#{notice_name}, #{notice_content}, current_timestamp)
	</insert>

	<!-- 공지사항 수정 -->
	<update id="noticeMod" parameterType="IcuVO">
		UPDATE notice
		SET notice_name = #{notice_name}, notice_content=#{notice_content},
		notice_date=current_timestamp
		WHERE notice_id=#{notice_id}
	</update>

	<!-- 공지사항 삭제 -->
	<delete id="noticeDel" parameterType="String">
		DELETE FROM notice
		WHERE notice_id=#{notice_id}
	</delete>
	
	<!-- 학생 커뮤니티 출력 -->
	<select id="communityAll_Pro" resultMap="proResult">
		SELECT * FROM community ORDER BY community_id ASC;
	</select>
	
	<!-- 학생 커뮤니티 세부 출력 -->
	<select id="communityView_Pro" parameterType="int" resultMap="proResult">
		SELECT * FROM community
		WHERE community_id = #{community_id};
	</select>
	
	<!-- 게시글 삭제 -->
	<delete id="communityDel_Pro" parameterType="int">
		DELETE FROM community
		WHERE community_id=#{community_id}
	</delete>

</mapper>