<!DOCTYPE mapper PUBLIC "-//mybatis.org//DTD Mapper 3.0//EN" "http://mybatis.org/dtd/mybatis-3-mapper.dtd">
<mapper namespace="com.igproject.icu.dao.StudentDAO">
	<resultMap id="stdResult" type="IcuVO">
		<!-- 학생 -->
		<result property="std_id" column="std_id" />
		<result property="std_pwd" column="std_pwd" />
		<result property="std_name" column="std_name" />
		<result property="std_grade" column="std_grade" />
		<result property="std_status" column="std_status" />
		<result property="std_email" column="std_email" />
		<result property="std_phone" column="std_phone" />
		<result property="std_address" column="std_address" />

		<!-- 점수 -->
		<result property="score_id" column="score_id" />
		<result property="score_mid" column="score_mid" />
		<result property="score_fin" column="score_fin" />
		<result property="score_att" column="score_att" />
		<result property="score_grd" column="score_grd" />

		<!-- 출석 -->
		<result property="att_id" column="att_id" />
		<result property="att_date" column="att_date" />
		<result property="att_status" column="att_status" />

		<!-- 수강 -->
		<result property="lec_id" column="lec_id" />

		<!-- 공지사항 -->
		<result property="notice_id" column="notice_id" />
		<result property="notice_name" column="notice_name" />
		<result property="notice_content" column="notice_content" />
		<result property="notice_date" column="notice_date" />

		<!-- 학과 -->
		<result property="major_id" column="major_id" />
		<result property="major_name" column="major_name" />
		
		<!-- 학생 커뮤니티 -->
		<result property="community_id" column="community_id" />
		<result property="community_name" column="community_name" />
		<result property="community_content" column="community_content" />
		<result property="community_date" column="community_date" />
		<result property="community_writer" column="community_writer" />

	</resultMap>

	<!-- 학생 로그인 -->
	<select id="loginByStd" parameterType="IcuVO" resultType="IcuVO">
		SELECT *
		FROM student
		WHERE std_id=#{std_id} AND std_pwd=#{std_pwd}
	</select>

	<!-- 학생 메인페이지 정보 가져오기 -->
	<select id="selectStd_Info" parameterType="String" resultMap="stdResult">
		SELECT *
		FROM student INNER JOIN major
		ON student.major_id = major.major_id
		WHERE std_id=#{std_id}
	</select>

	<!--  학생 이수 학점 가져오기 -->
	<select id="selectStd_Credit" parameterType="String" resultMap="stdResult">
		SELECT sum(sub_credit) FROM lecture LEFT OUTER JOIN subject
		ON lecture.sub_id = subject.sub_id WHERE std_id=#{std_id}
	</select>

	<!-- 학생 기본정보 조회 -->
	<select id="selectStd_Detail" parameterType="String" resultMap="stdResult">
		SELECT *
		FROM student INNER JOIN major
		ON student.major_id = major.major_id
		WHERE std_id=#{std_id}
	</select>

	<!-- 학생 기본정보 수정 -->
	<update id="updateStd_Info" parameterType="IcuVO">
		UPDATE student
		SET std_pwd=#{std_pwd}, std_name=#{std_name}, std_email=#{std_email},
		std_phone=#{std_phone},std_address=#{std_address} WHERE std_id=#{std_id}
	</update>

	<!-- 학기별 성적 조회-->
	<select id="selectStd_Sem" parameterType="IcuVO" resultMap="stdResult">
		SELECT score_grd, avg(score_grd) as score_avg
		FROM score LEFT OUTER JOIN subject
		ON subject.sub_id = score.sub_id
		WHERE std_id = #{std_id} AND sub_semester=#{sub_semester}
	</select>

	<!-- 전체 학기 성적 조회 -->
	<select id="selectStd_All" parameterType="String" resultMap="stdResult">
		SELECT sub_name, sub_semester, score_grd
		FROM score LEFT OUTER JOIN subject
		ON subject.sub_id = score.sub_id
		WHERE std_id = #{std_id}
	</select>

	<!-- 수강 과목 조회 -->
	<select id="selectStd_Lec" parameterType="String" resultMap="stdResult">
		SELECT * FROM lecture LEFT OUTER JOIN subject
		ON lecture.sub_id = subject.sub_id WHERE std_id=#{std_id}
	</select>

	<!-- 출결 현황 조회 -->
	<!-- 출석 -->
	<select id="selectStd_Attd_T" parameterType="String" resultMap="stdResult">
		SELECT sub_name, att_status
		FROM attendance LEFT OUTER JOIN subject
		ON subject.sub_id = attendance.sub_id
		WHERE att_status = '출석' and std_id = #{std_id}
	</select>

	<!-- 결석 -->
	<select id="selectStd_Attd_F" parameterType="String" resultMap="stdResult">
		SELECT sub_name, att_status
		FROM attendance LEFT OUTER JOIN subject
		ON subject.sub_id = attendance.sub_id
		WHERE att_status = '결석' and std_id = #{std_id}
	</select>

	<!-- 조퇴 -->
	<select id="selectStd_Attd_Early" parameterType="String"
		resultMap="stdResult">
		SELECT sub_name, att_status
		FROM attendance LEFT OUTER JOIN subject
		ON subject.sub_id = attendance.sub_id
		WHERE att_status = '조퇴' and std_id = #{std_id}
	</select>

	<!-- 지각 -->
	<select id="selectStd_Attd_Late" parameterType="String"
		resultMap="stdResult">
		SELECT sub_name, att_status
		FROM attendance LEFT OUTER JOIN subject
		ON subject.sub_id = attendance.sub_id
		WHERE att_status = '지각' and std_id = #{std_id}
	</select>

	<!-- 공지사항 출력 -->
	<select id="noticeAll_Std" resultMap="stdResult">
		SELECT * FROM notice ORDER BY notice_date DESC;
	</select>

	<!-- 공지사항 세부 출력 -->
	<select id="noticeView_Std" parameterType="String" resultMap="stdResult">
		SELECT * FROM notice
		WHERE notice_id = #{notice_id};
	</select>
	
	<!-- 학생 커뮤니티 출력 -->
	<select id="communityAll_Std" resultMap="stdResult">
		SELECT * FROM community ORDER BY community_date DESC;
	</select>
	
	<!-- 학생 커뮤니티 세부 출력 -->
	<select id="communityView_Std" parameterType="int" resultMap="stdResult">
		SELECT * FROM community
		WHERE community_id = #{community_id};
	</select>
		
	<!-- 게시글 등록 -->
	<insert id="communityInsert" parameterType="IcuVO">
		INSERT INTO community(community_name, community_content, community_date, community_writer)
		VALUES(#{community_name}, #{community_content}, current_timestamp, #{std_id})
	</insert>
		
	<!-- 게시글 수정 -->
	<update id="communityMod" parameterType="IcuVO">
		UPDATE community
		SET community_name = #{community_name}, community_content=#{community_content},
		community_date=current_timestamp
		WHERE community_id=#{community_id} AND community_writer=#{std_id}
	</update>
		
	<!-- 게시글 삭제 -->
	<delete id="communityDel" parameterType="IcuVO">
		DELETE FROM community
		WHERE community_id=#{community_id} AND community_writer=#{std_id}
	</delete>

</mapper>